<?xml version="1.0" encoding="UTF-8"?>
<assembly
    xmlns="http://maven.apache.org/plugins/maven-assembly-plugin/assembly/1.1.2"
    xmlns:xsi="http://www.w3.org/2001/XMLSchema-instance" xsi:schemaLocation="http://maven.apache.org/plugins/maven-assembly-plugin/assembly/1.1.2 http://maven.apache.org/xsd/assembly-1.1.2.xsd">
    <id>bin</id>
    <includeBaseDirectory>false</includeBaseDirectory>
    <formats>
        <format>zip</format>
    </formats>
    <files>
        <file>
            <!-- jobInfo.properties -->
            <source>${basedir}/src/main/templates/jobInfo_template.properties
			</source>
            <outputDirectory>.</outputDirectory>
            <destName>jobInfo.properties</destName>
            <filtered>true</filtered>
        </file>
        <file>
            <!-- sh -->
            <source>${basedir}/src/main/templates/Job_run_template.sh</source>
            <outputDirectory>${talend.job.name}</outputDirectory>
            <destName>${talend.job.name}_run.sh</destName>
            <filtered>true</filtered>
        </file>
        <file>
            <!-- bat -->
            <source>${basedir}/src/main/templates/Job_run_template.bat</source>
            <outputDirectory>${talend.job.name}</outputDirectory>
            <destName>${talend.job.name}_run.bat</destName>
            <filtered>true</filtered>
        </file>
        <file>
            <!-- ps1 -->
            <source>${basedir}/src/main/templates/Job_run_template.ps1</source>
            <outputDirectory>${talend.job.name}</outputDirectory>
            <destName>${talend.job.name}_run.ps1</destName>
            <filtered>true</filtered>
        </file>
    </files>
    <fileSets>
        <fileSet>
            <!-- templates -->
            <directory>${templates.dir}</directory>
            <outputDirectory>${talend.job.name}/src/main/templates/
			</outputDirectory>
            <includes>
                <include>**</include>
            </includes>
        </fileSet>
        <fileSet>
            <!-- log4j resources -->
            <directory>${log4j.resources.dir}</directory>
            <outputDirectory>${output.resources.dir}/
			</outputDirectory>
            <includes>
                <include>log4j.xml</include>
            </includes>
        </fileSet>
        <fileSet>
            <!-- log4j.xml for running -->
            <directory>${log4j.running.dir}</directory>
            <outputDirectory>${talend.job.name}</outputDirectory>
            <includes>
                <include>log4j.xml</include>
            </includes>
        </fileSet>
        <fileSet>
            <!-- xmlMappings resources -->
            <directory>${xmlMappings.resources.dir}</directory>
            <outputDirectory>${output.resources.dir}/xmlMappings/
			</outputDirectory>
            <includes>
                <include>**/*.*</include>
            </includes>
        </fileSet>
        <fileSet>
            <!-- xmlMappings for running -->
            <directory>${xmlMappings.running.dir}</directory>
            <outputDirectory>${talend.job.name}/xmlMappings/
			</outputDirectory>
            <includes>
                <include>**/*.*</include>
            </includes>
        </fileSet>
        <fileSet>
            <!-- rules resources -->
            <directory>${rules.resources.dir}</directory>
            <outputDirectory>${output.resources.dir}/rules/
			</outputDirectory>
            <includes>
                <include>**/*.*</include>
            </includes>
        </fileSet>
        <fileSet>
            <!-- assembly_*.xml -->
            <directory>${assemblies.dir}</directory>
            <outputDirectory>${talend.job.name}/src/main/assemblies/
			</outputDirectory>
            <includes>
                <include>assembly.xml</include>
            </includes>
        </fileSet>
        <fileSet>
            <!-- pom_*.xml -->
            <directory>${poms.dir}</directory>
            <outputDirectory>${talend.job.name}</outputDirectory>
            <includes>
                <include>pom.xml</include>
            </includes>
        </fileSet>
        <fileSet>
            <!--parent pom.xml -->
            <directory>${parentpom.dir}</directory>
            <outputDirectory>.</outputDirectory>
            <includes>
                <include>pom.xml</include>
            </includes>
        </fileSet>
        <fileSet>
            <!--routines code -->
            <directory>${routinescode.dir}</directory>
            <outputDirectory>code/routines/src/main</outputDirectory>
            <includes>
                <include>**/**/*.*</include>
            </includes>
        </fileSet>
        <fileSet>
            <!--routines pom -->
            <directory>${routinespom.dir}</directory>
            <outputDirectory>code/routines/</outputDirectory>
            <includes>
                <include>pom.xml</include>
            </includes>
        </fileSet>
        <fileSet>
            <!--pigudf code -->
            <directory>${pigudfcode.dir}</directory>
            <outputDirectory>code/pigudf/src/main</outputDirectory>
            <includes>
                <include>**/**/*.*</include>
            </includes>
        </fileSet>
        <fileSet>
            <!--pifudf pom -->
            <directory>${pigudfpom.dir}</directory>
            <outputDirectory>code/pigudf/</outputDirectory>
            <includes>
                <include>pom.xml</include>
            </includes>
        </fileSet>
        <fileSet>
            <!--joblet -->
            <directory>${joblet.dir}</directory>
            <outputDirectory>jobs/</outputDirectory>
            <includes>
                <include>joblets*/**/*.*</include>
            </includes>
        </fileSet>
        <fileSet>
            <!-- add items -->
            <directory>${items.dir}</directory>
            <outputDirectory>${talend.job.name}</outputDirectory>
            <includes>
                <include>**</include>
            </includes>
        </fileSet>
        <fileSet>
            <!-- add java source codes -->
            <directory>${sourcecodes.dir}</directory>
            <outputDirectory>${talend.job.name}/src/main/java/</outputDirectory>
            <includes>
                <include>${talend.job.path}/**</include>
            </includes>
        </fileSet>
        <fileSet>
            <!-- add context resources -->
            <directory>${resources.dir}</directory>
            <outputDirectory>${output.resources.dir}/
			</outputDirectory>
            <includes>
                <include>${talend.job.path}/**</include>
            </includes>
        </fileSet>
        <fileSet>
            <!-- add test source codes -->
            <directory>${test.sourcecodes.dir}</directory>
            <outputDirectory>${talend.job.name}/src/test/java/</outputDirectory>
            <includes>
                <include>${talend.job.path}/**</include>
            </includes>
        </fileSet>
        <fileSet>
            <!-- add test context resources -->
            <directory>${test.resources.dir}</directory>
            <outputDirectory>${talend.job.name}/src/test/resources/
			</outputDirectory>
            <includes>
                <include>${talend.job.path}/**</include>
            </includes>
        </fileSet>
        <fileSet>
            <!-- junits reports -->
            <directory>${test.reports.dir}</directory>
            <outputDirectory>sunfire-reports</outputDirectory>
            <includes>
                <include>**/*.*</include>
            </includes>
        </fileSet>
        <fileSet>
            <!-- add all resources for running -->
            <directory>${contexts.running.dir}</directory>
            <outputDirectory>${talend.job.name}</outputDirectory>
            <includes>
                <include>**/*.*</include>
            </includes>
        </fileSet>
        <!-- If have children jobs, will add here -->
        <fileSet>
            <!-- microservice config files -->
            <directory>${microservice.configs.dir}</directory>
            <outputDirectory>${talend.job.name}</outputDirectory>
            <includes>
                <include>config/**</include>
            </includes>
        </fileSet>
        <fileSet>
            <!-- microservice running config files -->
            <directory>${microservice.running.configs.dir}</directory>
            <outputDirectory>${talend.job.name}</outputDirectory>
            <includes>
                <include>config/**</include>
            </includes>
        </fileSet>
    </fileSets>
    <dependencySets>
        <dependencySet>
            <outputDirectory>lib</outputDirectory>
            <includes>
                <include>org.talend.libraries:jakarta.xml.bind-api-2.3:2:6.0.0</include>
                <include>org.talend.libraries:cxf-rt-frontend-jaxrs-3.3.4:jar:6.0.0</include>
                <include>org.talend.libraries:opensaml-xacml-saml-api-3.3.0:jar:6.0.0</include>
                <include>org.talend.libraries:javax.annotation_1.2.0.v201602091430:jar:6.0.0</include>
                <include>org.talend.libraries:wss4j-bindings-2.2.4:jar:6.0.0</include>
                <include>org.talend.libraries:jaxb-runtime-2.3.2:jar:6.0.0</include>
                <include>org.talend.libraries:opensaml-xacml-api-3.3.0:jar:6.0.0</include>
                <include>org.talend.libraries:wss4j-ws-security-policy-stax-2.2.4:jar:6.0.0</include>
                <include>org.talend.libraries:ehcache-2.10.6:jar:6.0.0</include>
                <include>org.talend.libraries:wss4j-ws-security-stax-2.2.4:jar:6.0.0</include>
                <include>org.talend.libraries:spring-context-5.1.4.RELEASE:jar:6.0.0</include>
                <include>org.talend.libraries:opensaml-soap-api-3.3.0:jar:6.0.0</include>
                <include>org.talend.libraries:cryptacular-1.1.1:jar:6.0.0</include>
                <include>org.talend.libraries:stax2-api-3.1.4:jar:6.0.0</include>
                <include>org.talend.libraries:opensaml-security-api-3.3.0:jar:6.0.0</include>
                <include>org.talend.libraries:istack-commons-runtime-3.0.8:jar:6.0.0</include>
                <include>org.talend.libraries:guava-27.0.1-android:jar:6.0.0</include>
                <include>org.talend.libraries:jasypt-1.9.3:jar:6.0.0</include>
                <include>org.talend.libraries:wss4j-policy-2.2.4:jar:6.0.0</include>
                <include>org.talend.libraries:crypto-utils:jar:6.0.0-SNAPSHOT</include>
                <include>org.talend.libraries:xmlsec-2.1.4:jar:6.0.0</include>
                <include>org.talend.libraries:cxf-rt-rs-extension-providers-3.3.4:jar:6.0.0</include>
                <include>org.talend.libraries:jakarta.jws-api-1.1.1:jar:6.0.0</include>
                <include>org.talend.libraries:opensaml-xacml-impl-3.3.0:jar:6.0.0</include>
                <include>org.talend.libraries:txw2-2.3.2:jar:6.0.0</include>
                <include>org.talend.libraries:cxf-rt-rs-client-3.3.4:jar:6.0.0</include>
                <include>org.talend.libraries:opensaml-xmlsec-impl-3.3.0:jar:6.0.0</include>
                <include>org.talend.libraries:joda-time-2.9:jar:6.0.0</include>
                <include>org.talend.libraries:opensaml-core-3.3.0:jar:6.0.0</include>
                <include>org.talend.libraries:opensaml-saml-api-3.3.0:jar:6.0.0</include>
                <include>org.talend.libraries:cxf-rt-features-logging-3.3.4:jar:6.0.0</include>
                <include>org.talend.libraries:opensaml-profile-api-3.3.0:jar:6.0.0</include>
                <include>org.talend.libraries:stax-api-1.0-2:jar:6.0.0</include>
                <include>org.talend.libraries:opensaml-saml-impl-3.3.0:jar:6.0.0</include>
                <include>org.talend.libraries:jakarta.xml.bind-api:jar:2.3.2</include>
                <include>org.talend.libraries:spring-aop-5.1.4.RELEASE:jar:6.0.0</include>
                <include>org.talend.libraries:spring-core-5.1.4.RELEASE:jar:6.0.0</include>
                <include>org.talend.libraries:javax.wsdl_1.6.2.v201012040545:jar:6.0.0</include>
                <include>org.talend.libraries:jakarta.xml.soap-api:jar:1.4.1</include>
                <include>org.example.talendwebs.code:routines:jar:7.3.1</include>
                <include>org.talend.libraries:jettison-1.4.0:jar:6.0.0</include>
                <include>org.talend.libraries:stax-ex-1.8.1:jar:6.0.0</include>
                <include>org.talend.libraries:spring-webmvc-5.1.4.RELEASE:jar:6.0.0</include>
                <include>org.talend.libraries:wss4j-ws-security-dom-2.2.4:jar:6.0.0</include>
                <include>org.talend.libraries:opensaml-security-impl-3.3.0:jar:6.0.0</include>
                <include>org.talend.libraries:security-common-7.3.1:jar:6.0.0</include>
                <include>org.talend.libraries:opensaml-xmlsec-api-3.3.0:jar:6.0.0</include>
                <include>org.talend.libraries:spring-expression-5.1.4.RELEASE:jar:6.0.0</include>
                <include>org.talend.libraries:woodstox-core-asl-4.4.1:jar:6.0.0</include>
                <include>org.talend.libraries:org.apache.servicemix.specs.jaxws-api-2.2-2.9.0:jar:6.0.0</include>
                <include>org.talend.libraries:spring-beans-5.1.4.RELEASE:jar:6.0.0</include>
                <include>org.talend.libraries:spring-web-5.1.4.RELEASE:jar:6.0.0</include>
                <include>org.talend.libraries:xmlschema-core-2.2.4:jar:6.0.0</include>
                <include>org.talend.libraries:opensaml-xacml-saml-impl-3.3.0:jar:6.0.0</include>
            </includes>
            <outputFileNameMapping>${artifact.artifactId}.${artifact.extension}</outputFileNameMapping>
            <useProjectArtifact>false</useProjectArtifact>
        </dependencySet>
        <dependencySet>
            <outputDirectory>lib</outputDirectory>
            <includes>
                <include>org.apache.logging.log4j:log4j-slf4j-impl:jar:2.12.1</include>
                <include>org.bouncycastle:bcprov-jdk15on:jar:1.60</include>
                <include>org.apache.cxf:cxf-rt-security-saml:jar:3.3.4</include>
                <include>org.dom4j:dom4j:jar:2.1.1</include>
                <include>org.apache.cxf:cxf-rt-transports-http:jar:3.3.4</include>
                <include>commons-logging:commons-logging:jar:1.2.0</include>
                <include>commons-codec:commons-codec:jar:1.6</include>
                <include>org.apache.cxf:cxf-rt-wsdl:jar:3.3.4</include>
                <include>com.sun.activation:javax.activation:jar:1.2.0</include>
                <include>org.slf4j:slf4j-api:jar:1.7.25</include>
                <include>org.apache.cxf:cxf-core:jar:3.3.4</include>
                <include>org.apache.cxf:cxf-rt-ws-security:jar:3.3.4</include>
                <include>javax.ws.rs:javax.ws.rs-api:jar:2.1</include>
                <include>javax.annotation:javax.annotation-api:jar:1.3</include>
                <include>org.apache.neethi:neethi:jar:3.1.1</include>
                <include>org.apache.cxf:cxf-rt-databinding-jaxb:jar:3.3.4</include>
                <include>org.apache.wss4j:wss4j-ws-security-common:jar:2.2.4</include>
                <include>org.apache.cxf:cxf-rt-bindings-soap:jar:3.3.4</include>
                <include>org.apache.logging.log4j:log4j-api:jar:2.12.1</include>
                <include>aopalliance:aopalliance:jar:1.0</include>
                <include>org.apache.cxf:cxf-rt-security:jar:3.3.4</include>
                <include>org.apache.logging.log4j:log4j-core:jar:2.12.1</include>
            </includes>
            <useProjectArtifact>false</useProjectArtifact>
        </dependencySet>
        <dependencySet>
            <outputDirectory>${talend.job.name}</outputDirectory>
            <includes>
                <include>org.example.talendwebs.job:DBclient:jar:0.1.0</include>
            </includes>
            <outputFileNameMapping>${artifact.build.finalName}.${artifact.extension}</outputFileNameMapping>
            <useProjectArtifact>true</useProjectArtifact>
        </dependencySet>
    </dependencySets>
</assembly>
